name,url
3 Disciples Brewing,https://www.ratebeer.com/brewers/3-disciples-brewing/29140/
411 Broadway Spirits and Ales,https://www.ratebeer.com/brewers/411-broadway-spirits-and-ales/49389/
Abnormal Beer Company,https://www.ratebeer.com/brewers/abnormal-beer-company/21473/
Absolution Brewing Company,https://www.ratebeer.com/brewers/absolution-brewing-company/19249/
Acoustic Ales Brewing Experiment,https://www.ratebeer.com/brewers/acoustic-ales-brewing-experiment/15916/
Alaro Craft Brewery,https://www.ratebeer.com/brewers/alaro-craft-brewery/37104/
Ale House Brewing Company,https://www.ratebeer.com/brewers/ale-house-brewing-company/26906/
Ale Industries,https://www.ratebeer.com/brewers/ale-industries/10397/
AleSmith Brewing Company,https://www.ratebeer.com/brewers/alesmith-brewing-company/432/
Align Brewing,https://www.ratebeer.com/brewers/align-brewing/32102/
All Season Brewing,https://www.ratebeer.com/brewers/all-season-brewing/45368/
All-American Brew Works,https://www.ratebeer.com/brewers/all-american-brew-works/37224/
Alpine Village Hofbrau,https://www.ratebeer.com/brewers/alpine-village-hofbrau/1902/
Amalgamation Brewing Company,https://www.ratebeer.com/brewers/amalgamation-brewing-company/42326/
Amplified Ale Works,https://www.ratebeer.com/brewers/amplified-ale-works/15292/
Anchor Brewing Company (Sapporo),https://www.ratebeer.com/brewers/anchor-brewing-company-sapporo/11/
Angel City Brewing Company (A&S Brewing - Boston Beer Co.),https://www.ratebeer.com/brewers/angel-city-brewing-company-as-brewing-boston-beer-co/433/
Antigua Brewing Company (USA),https://www.ratebeer.com/brewers/antigua-brewing-company-usa/49066/
Arts District Brewing,https://www.ratebeer.com/brewers/arts-district-brewing/25347/
Ass Kisser Ales,https://www.ratebeer.com/brewers/ass-kisser-ales/11758/
"Asylum Brewing (Anaheim, CA)",https://www.ratebeer.com/brewers/asylum-brewing-anaheim-ca/31247/
At Ease Brewing Company,https://www.ratebeer.com/brewers/at-ease-brewing-company/40093/
Ataraxia Aleworks,https://www.ratebeer.com/brewers/ataraxia-aleworks/47381/
Attitude Brewing Company,https://www.ratebeer.com/brewers/attitude-brewing-company/41643/
Automatic Brewing Company (Blind Lady Ale House),https://www.ratebeer.com/brewers/automatic-brewing-company-blind-lady-ale-house/10173/
Aztec Brewing Company,https://www.ratebeer.com/brewers/aztec-brewing-company/13992/
Back Street Brewery (Vista),https://www.ratebeer.com/brewers/back-street-brewery-vista/9554/
Backstreet Brewery,https://www.ratebeer.com/brewers/backstreet-brewery/24303/
Ballast Point Brewing Company (Kings & Convicts),https://www.ratebeer.com/brewers/ballast-point-brewing-company-kings-convicts/434/
Bang The Drum Brewery,https://www.ratebeer.com/brewers/bang-the-drum-brewery/18669/
Barebottle Brewing Company,https://www.ratebeer.com/brewers/barebottle-brewing-company/27636/
Barrel and Stave Brewing Company,https://www.ratebeer.com/brewers/barrel-and-stave-brewing-company/49599/
Barrel Head Brewhouse,https://www.ratebeer.com/brewers/barrel-head-brewhouse/19672/
Bartlett Hall,https://www.ratebeer.com/brewers/bartlett-hall/21227/
BattleMage Brewing Company,https://www.ratebeer.com/brewers/battlemage-brewing-company/32808/
Bay City Brewing,https://www.ratebeer.com/brewers/bay-city-brewing/24139/
Beach Chalet Brewery,https://www.ratebeer.com/brewers/beach-chalet-brewery/447/
Bear Roots Brewing Company,https://www.ratebeer.com/brewers/bear-roots-brewing-company/25477/
Belching Beaver,https://www.ratebeer.com/brewers/belching-beaver/15478/
Big Sexy Brewing Company,https://www.ratebeer.com/brewers/big-sexy-brewing-company/29142/
Big Stump Brewing Company,https://www.ratebeer.com/brewers/big-stump-brewing-company/29829/
Bison Brewing Company,https://www.ratebeer.com/brewers/bison-brewing-company/244/
Bitter Brothers Brewing Company,https://www.ratebeer.com/brewers/bitter-brothers-brewing-company/25671/
Black Hammer Brewing,https://www.ratebeer.com/brewers/black-hammer-brewing/24457/
Blessed Brewing,https://www.ratebeer.com/brewers/blessed-brewing/26155/
Bonaventure Brewing Company,https://www.ratebeer.com/brewers/bonaventure-brewing-company/4112/
Boomtown Brewery,https://www.ratebeer.com/brewers/boomtown-brewery/24374/
Booze Brothers Brewing,https://www.ratebeer.com/brewers/booze-brothers-brewing/18011/
Border X Brewing,https://www.ratebeer.com/brewers/border-x-brewing/18329/
Bottle Logic Brewing,https://www.ratebeer.com/brewers/bottle-logic-brewing/18747/
Brewery X,https://www.ratebeer.com/brewers/brewery-x/42015/
Brewheim,https://www.ratebeer.com/brewers/brewheim/38719/
Broken Timbers Brewing Company,https://www.ratebeer.com/brewers/broken-timbers-brewing-company/46199/
Bruery Terreux,https://www.ratebeer.com/brewers/bruery-terreux/24168/
Buck Wild,https://www.ratebeer.com/brewers/buck-wild/46708/
Buena Vista Brewing,https://www.ratebeer.com/brewers/buena-vista-brewing/46398/
Buzzrock Brewing Company,https://www.ratebeer.com/brewers/buzzrock-brewing-company/39694/
California Wild Ales,https://www.ratebeer.com/brewers/california-wild-ales/34360/
Camino Brewing Company,https://www.ratebeer.com/brewers/camino-brewing-company/25448/
Cellarmaker Brewing Company,https://www.ratebeer.com/brewers/cellarmaker-brewing-company/17792/
Central Coast Brewing,https://www.ratebeer.com/brewers/central-coast-brewing/5160/
Cerveceria Calidad,https://www.ratebeer.com/brewers/cerveceria-calidad/43242/
Cerveceria Mundial,https://www.ratebeer.com/brewers/cerveceria-mundial/43920/
Cerveza XTECA,https://www.ratebeer.com/brewers/cerveza-xteca/44034/
Clandestine Brewing,https://www.ratebeer.com/brewers/clandestine-brewing/19853/
Cooperage Brewing Company,https://www.ratebeer.com/brewers/cooperage-brewing-company/23554/
Cosmic Ales,https://www.ratebeer.com/brewers/cosmic-ales/12134/
Crooked Goat Brewing,https://www.ratebeer.com/brewers/crooked-goat-brewing/29141/
Cultivar Beer,https://www.ratebeer.com/brewers/cultivar-beer/37494/
DarkHeart Brewing,https://www.ratebeer.com/brewers/darkheart-brewing/37266/
Deft Brewing,https://www.ratebeer.com/brewers/deft-brewing/33936/
Device Brewing Company,https://www.ratebeer.com/brewers/device-brewing-company/16919/
Division 23 Brewing,https://www.ratebeer.com/brewers/division-23-brewing/23315/
Dogleg Brewing Company,https://www.ratebeer.com/brewers/dogleg-brewing-company/46293/
Dokkaebier,https://www.ratebeer.com/brewers/dokkaebier/43780/
Dos Desperados Brewery,https://www.ratebeer.com/brewers/dos-desperados-brewery/19357/
DTSJ,https://www.ratebeer.com/brewers/dtsj/44012/
Duck Foot Brewing Company,https://www.ratebeer.com/brewers/duck-foot-brewing-company/22965/
Dueling Ducks Brewing Company,https://www.ratebeer.com/brewers/dueling-ducks-brewing-company/44849/
E-40,https://www.ratebeer.com/brewers/e-40/49502/
Eagle Rock Brewery,https://www.ratebeer.com/brewers/eagle-rock-brewery/11143/
Ebullition Brew Works,https://www.ratebeer.com/brewers/ebullition-brew-works/38386/
Embolden Beer Company,https://www.ratebeer.com/brewers/embolden-beer-company/45457/
Eppig Brewing,https://www.ratebeer.com/brewers/eppig-brewing/29345/
Fall Brewing Company,https://www.ratebeer.com/brewers/fall-brewing-company/21752/
Federation Brewing,https://www.ratebeer.com/brewers/federation-brewing/22474/
Ferrous Falcon,https://www.ratebeer.com/brewers/ferrous-falcon/46454/
Fieldwork Brewing Company,https://www.ratebeer.com/brewers/fieldwork-brewing-company/21888/
Five Suits Brewing,https://www.ratebeer.com/brewers/five-suits-brewing/43541/
Floodcraft Brewing Company,https://www.ratebeer.com/brewers/floodcraft-brewing-company/21691/
Fogbelt Brewing Company,https://www.ratebeer.com/brewers/fogbelt-brewing-company/18648/
Fort Point Beer Company,https://www.ratebeer.com/brewers/fort-point-beer-company/18675/
Fountainhead Brewing,https://www.ratebeer.com/brewers/fountainhead-brewing/28191/
Fox Tale Fermentation Project,https://www.ratebeer.com/brewers/fox-tale-fermentation-project/48625/
Frogtown Brewery,https://www.ratebeer.com/brewers/frogtown-brewery/31751/
Full Circle Brewing Company,https://www.ratebeer.com/brewers/full-circle-brewing-company/7727/
GearTooth Alewerks,https://www.ratebeer.com/brewers/geartooth-alewerks/28629/
George Lopez Brewing Co.,https://www.ratebeer.com/brewers/george-lopez-brewing-co/47216/
Ghost Town Brewing,https://www.ratebeer.com/brewers/ghost-town-brewing/20920/
Gilman Brewing Company,https://www.ratebeer.com/brewers/gilman-brewing-company/29413/
Gojo Brewing Co.,https://www.ratebeer.com/brewers/gojo-brewing-co/50444/
Golden Gate Brewing Company,https://www.ratebeer.com/brewers/golden-gate-brewing-company/16335/
Golden Road Brewing (AB InBev),https://www.ratebeer.com/brewers/golden-road-brewing-ab-inbev/13484/
Gordon Biersch Brewing Company (Craftworks),https://www.ratebeer.com/brewers/gordon-biersch-brewing-company-craftworks/426/
Gravity Heights,https://www.ratebeer.com/brewers/gravity-heights/38707/
Greater Purpose,https://www.ratebeer.com/brewers/greater-purpose/46346/
Green Flash Brewing Company,https://www.ratebeer.com/brewers/green-flash-brewing-company/3111/
Groundswell Brewing Company,https://www.ratebeer.com/brewers/groundswell-brewing-company/17990/
H2OPS Sparkling Hop Water,https://www.ratebeer.com/brewers/h2ops-sparkling-hop-water/30070/
Half Door Brewing,https://www.ratebeer.com/brewers/half-door-brewing/21976/
Hapa's Brewing Company,https://www.ratebeer.com/brewers/hapa39s-brewing-company/30206/
Hard Frescos Brewing Company,https://www.ratebeer.com/brewers/hard-frescos-brewing-company/31653/
Harland Brewing Company,https://www.ratebeer.com/brewers/harland-brewing-company/41607/
Harmonic Brewing,https://www.ratebeer.com/brewers/harmonic-brewing/24014/
Helia Brewing Company,https://www.ratebeer.com/brewers/helia-brewing-company/41178/
Hella Coastal,https://www.ratebeer.com/brewers/hella-coastal/46501/
HenHouse Brewing Company,https://www.ratebeer.com/brewers/henhouse-brewing-company/14152/
Hermitage Brewing Company,https://www.ratebeer.com/brewers/hermitage-brewing-company/11753/
Highland Park Brewery,https://www.ratebeer.com/brewers/highland-park-brewery/20351/
Hillcrest Brewing Company,https://www.ratebeer.com/brewers/hillcrest-brewing-company/14943/
Hodad's Brewing,https://www.ratebeer.com/brewers/hodad39s-brewing/41606/
Hoi Polloi Brewing,https://www.ratebeer.com/brewers/hoi-polloi-brewing/20907/
Holy Craft Brewing Company,https://www.ratebeer.com/brewers/holy-craft-brewing-company/22206/
Home Brewing Company,https://www.ratebeer.com/brewers/home-brewing-company/22245/
Homebound Brew Haus,https://www.ratebeer.com/brewers/homebound-brew-haus/48401/
Hop Oast Pub & Brewery,https://www.ratebeer.com/brewers/hop-oast-pub-brewery/47659/
HopMonk,https://www.ratebeer.com/brewers/hopmonk/9572/
Hopnonymous Brewing Company,https://www.ratebeer.com/brewers/hopnonymous-brewing-company/47283/
Hoppy Brewing Company,https://www.ratebeer.com/brewers/hoppy-brewing-company/64/
HopSaint Brewing Company,https://www.ratebeer.com/brewers/hopsaint-brewing-company/25469/
Humble Sea Brewing Company,https://www.ratebeer.com/brewers/humble-sea-brewing-company/27350/
Hunters Point,https://www.ratebeer.com/brewers/hunters-point/49341/
Imperial Western Beer Company,https://www.ratebeer.com/brewers/imperial-western-beer-company/38509/
Incinerati Brewing Company,https://www.ratebeer.com/brewers/incinerati-brewing-company/41002/
Indie Brewing Company,https://www.ratebeer.com/brewers/indie-brewing-company/25948/
Iron Ox Brewing Company,https://www.ratebeer.com/brewers/iron-ox-brewing-company/43781/
Itza Brewing,https://www.ratebeer.com/brewers/itza-brewing/47384/
Jiant,https://www.ratebeer.com/brewers/jiant/51133/
JT Schmids Brewhouse & Eatery,https://www.ratebeer.com/brewers/jt-schmids-brewhouse-eatery/3215/
Jupiter,https://www.ratebeer.com/brewers/jupiter/1427/
K-Oz Restaurant & Brewery,https://www.ratebeer.com/brewers/k-oz-restaurant-brewery/37349/
Kairoa Brewing Company,https://www.ratebeer.com/brewers/kairoa-brewing-company/36242/
Karl Strauss Brewing Company,https://www.ratebeer.com/brewers/karl-strauss-brewing-company/340/
Kensington Brewing Company (USA),https://www.ratebeer.com/brewers/kensington-brewing-company-usa/21472/
Ketch Brewing,https://www.ratebeer.com/brewers/ketch-brewing/37937/
Kilowatt Brewing,https://www.ratebeer.com/brewers/kilowatt-brewing/22322/
King Cong Brewing Company,https://www.ratebeer.com/brewers/king-cong-brewing-company/37134/
Kings & Convicts Miramar,https://www.ratebeer.com/brewers/kings-convicts-miramar/51030/
Knotty Brewing,https://www.ratebeer.com/brewers/knotty-brewing/28672/
La Cantina Brewing Company,https://www.ratebeer.com/brewers/la-cantina-brewing-company/47272/
Latchkey Brewing,https://www.ratebeer.com/brewers/latchkey-brewing/36259/
Latitude 33 Brewing Company,https://www.ratebeer.com/brewers/latitude-33-brewing-company/13588/
Laughing Monk Brewing,https://www.ratebeer.com/brewers/laughing-monk-brewing/25759/
Lazy Duck Brewing Company,https://www.ratebeer.com/brewers/lazy-duck-brewing-company/35952/
Line 51 Brewing,https://www.ratebeer.com/brewers/line-51-brewing/15766/
Little Miss Brewing,https://www.ratebeer.com/brewers/little-miss-brewing/28441/
Local Brewing Company,https://www.ratebeer.com/brewers/local-brewing-company/13024/
Lost Marbles,https://www.ratebeer.com/brewers/lost-marbles/50702/
Lucky Devil Brewing Company,https://www.ratebeer.com/brewers/lucky-devil-brewing-company/18404/
Mad Duck Craft Brewing,https://www.ratebeer.com/brewers/mad-duck-craft-brewing/27179/
Magnolia Brewing,https://www.ratebeer.com/brewers/magnolia-brewing/245/
Mason Ale Works,https://www.ratebeer.com/brewers/mason-ale-works/25474/
MateVeza Brewing Company,https://www.ratebeer.com/brewers/mateveza-brewing-company/11977/
Mike Hess Brewing Company,https://www.ratebeer.com/brewers/mike-hess-brewing-company/11798/
Mikkeller San Diego,https://www.ratebeer.com/brewers/mikkeller-san-diego/26955/
Mission Brewery,https://www.ratebeer.com/brewers/mission-brewery/9191/
Modern Times Beer,https://www.ratebeer.com/brewers/modern-times-beer/16983/
Monkish Brewing Company,https://www.ratebeer.com/brewers/monkish-brewing-company/14268/
Moonlight Brewing Company,https://www.ratebeer.com/brewers/moonlight-brewing-company/1300/
Mother Earth Brew Company,https://www.ratebeer.com/brewers/mother-earth-brew-company/11586/
Mujeres Brew House,https://www.ratebeer.com/brewers/mujeres-brew-house/49931/
My Yard Live,https://www.ratebeer.com/brewers/my-yard-live/48100/
Nakhon Brewing Company,https://www.ratebeer.com/brewers/nakhon-brewing-company/11330/
Narrative Fermentations,https://www.ratebeer.com/brewers/narrative-fermentations/43539/
Native Son,https://www.ratebeer.com/brewers/native-son/51064/
New Bohemia Brewing Company,https://www.ratebeer.com/brewers/new-bohemia-brewing-company/22616/
New English Brewing,https://www.ratebeer.com/brewers/new-english-brewing/9475/
New Glory Craft Brewery,https://www.ratebeer.com/brewers/new-glory-craft-brewery/17060/
New Helvetia Brewing Company,https://www.ratebeer.com/brewers/new-helvetia-brewing-company/15957/
Noble Ale Works,https://www.ratebeer.com/brewers/noble-ale-works/11238/
Noble Brewer,https://www.ratebeer.com/brewers/noble-brewer/23892/
North Park Beer Company,https://www.ratebeer.com/brewers/north-park-beer-company/27660/
Novel Brewing,https://www.ratebeer.com/brewers/novel-brewing/27583/
Oak and Otter Brewing Co.,https://www.ratebeer.com/brewers/oak-and-otter-brewing-co/47249/
Oak Park Brewing Company,https://www.ratebeer.com/brewers/oak-park-brewing-company/21438/
Oakland Brewing Company,https://www.ratebeer.com/brewers/oakland-brewing-company/12645/
Oakland United Beerworks,https://www.ratebeer.com/brewers/oakland-united-beerworks/9231/
OB Brewery,https://www.ratebeer.com/brewers/ob-brewery/29009/
Oda Brewery,https://www.ratebeer.com/brewers/oda-brewery/39471/
Ohana Brewing Company,https://www.ratebeer.com/brewers/ohana-brewing-company/15307/
Old Kan Beer and Company,https://www.ratebeer.com/brewers/old-kan-beer-and-company/32644/
Old Possum Brewing Company,https://www.ratebeer.com/brewers/old-possum-brewing-company/37137/
Olde Ritual Brewing Company,https://www.ratebeer.com/brewers/olde-ritual-brewing-company/15506/
Olfactory Brewery & Blendery,https://www.ratebeer.com/brewers/olfactory-brewery-blendery/50569/
Onibi Beer Company,https://www.ratebeer.com/brewers/onibi-beer-company/47237/
Original Pattern Brewing Company,https://www.ratebeer.com/brewers/original-pattern-brewing-company/37138/
Otherwise Brewing,https://www.ratebeer.com/brewers/otherwise-brewing/45758/
Owl Farm Unique Fermentations,https://www.ratebeer.com/brewers/owl-farm-unique-fermentations/41657/
Pacific Beach Ale House,https://www.ratebeer.com/brewers/pacific-beach-ale-house/9560/
Pacific Drift Brewing Company,https://www.ratebeer.com/brewers/pacific-drift-brewing-company/27182/
Palmia Corp.,https://www.ratebeer.com/brewers/palmia-corp/30322/
Pariah Brewing Company,https://www.ratebeer.com/brewers/pariah-brewing-company/30369/
Party Beer Company,https://www.ratebeer.com/brewers/party-beer-company/47574/
People's Republic of South Central,https://www.ratebeer.com/brewers/people39s-republic-of-south-central/47985/
Pete's Restaurant & Brewhouse,https://www.ratebeer.com/brewers/pete39s-restaurant-brewhouse/10460/
Phantom Ales,https://www.ratebeer.com/brewers/phantom-ales/18620/
Pine & Palm Brewing,https://www.ratebeer.com/brewers/pine-palm-brewing/27178/
Pine Street Brewery,https://www.ratebeer.com/brewers/pine-street-brewery/16060/
Piston Pete's Brewery & Distillery,https://www.ratebeer.com/brewers/piston-pete39s-brewery-distillery/42996/
Pizza Port (Ocean Beach),https://www.ratebeer.com/brewers/pizza-port-ocean-beach/11642/
Poor House Brewing Company,https://www.ratebeer.com/brewers/poor-house-brewing-company/15362/
Porchlight Brewing Company,https://www.ratebeer.com/brewers/porchlight-brewing-company/33370/
Port Brewing Company / The Lost Abbey,https://www.ratebeer.com/brewers/port-brewing-company-the-lost-abbey/7043/
Private Press Brewing,https://www.ratebeer.com/brewers/private-press-brewing/44150/
Procreations Brewing Company,https://www.ratebeer.com/brewers/procreations-brewing-company/45203/
Prohibition Brewing Co. (USA),https://www.ratebeer.com/brewers/prohibition-brewing-co-usa/15437/
Protector Brewery,https://www.ratebeer.com/brewers/protector-brewery/32103/
Puesto Cerveceria,https://www.ratebeer.com/brewers/puesto-cerveceria/41610/
Pure Project,https://www.ratebeer.com/brewers/pure-project/25972/
Quantum Brewing (CA),https://www.ratebeer.com/brewers/quantum-brewing-ca/20881/
Rad Beer Company,https://www.ratebeer.com/brewers/rad-beer-company/47070/
Radiant Beer Company,https://www.ratebeer.com/brewers/radiant-beer-company/45427/
RationAle Brewing,https://www.ratebeer.com/brewers/rationale-brewing/50951/
Red Car Brewery & Restaurant,https://www.ratebeer.com/brewers/red-car-brewery-restaurant/4111/
Resident Brewing,https://www.ratebeer.com/brewers/resident-brewing/26710/
Rip Current Brewing,https://www.ratebeer.com/brewers/rip-current-brewing/15868/
Roses' Brewing Company,https://www.ratebeer.com/brewers/roses-brewing-company/32054/
Rough Draft Brewing Company,https://www.ratebeer.com/brewers/rough-draft-brewing-company/14337/
Ruhstaller Brewery,https://www.ratebeer.com/brewers/ruhstaller-brewery/13207/
Russian River Brewing Company,https://www.ratebeer.com/brewers/russian-river-brewing-company/1480/
S27 Alehouse and Brewery,https://www.ratebeer.com/brewers/s27-alehouse-and-brewery/43547/
Sacrament Brewing Company,https://www.ratebeer.com/brewers/sacrament-brewing-company/37393/
Saint Archer Brewing Company (Tenth & Blake - Molson Coors),https://www.ratebeer.com/brewers/saint-archer-brewing-company-tenth-blake-molson-coors/16572/
San Diego Brewing Company,https://www.ratebeer.com/brewers/san-diego-brewing-company/1159/
San Francisco Brewing Company,https://www.ratebeer.com/brewers/san-francisco-brewing-company/19019/
Santa Cruz Mountain Brewing,https://www.ratebeer.com/brewers/santa-cruz-mountain-brewing/6112/
Santa Maria Brewing Company San Luis Obispo,https://www.ratebeer.com/brewers/santa-maria-brewing-company-san-luis-obispo/12839/
Savagewood Brewing,https://www.ratebeer.com/brewers/savagewood-brewing/36019/
Scholb Premium Ales,https://www.ratebeer.com/brewers/scholb-premium-ales/27397/
Seabright Brewery,https://www.ratebeer.com/brewers/seabright-brewery/1510/
Second Chance Beer Company,https://www.ratebeer.com/brewers/second-chance-beer-company/24486/
Seek Beer Co.,https://www.ratebeer.com/brewers/seek-beer-co/50038/
Seismic Brewing Company,https://www.ratebeer.com/brewers/seismic-brewing-company/31693/
Sequoia Brewing Company,https://www.ratebeer.com/brewers/sequoia-brewing-company/4123/
Seven Stills Brewery & Distillery,https://www.ratebeer.com/brewers/seven-stills-brewery-distillery/27638/
Shady Oak Barrel House,https://www.ratebeer.com/brewers/shady-oak-barrel-house/21723/
Shanty Shack Brewing,https://www.ratebeer.com/brewers/shanty-shack-brewing/30207/
SLO Brew,https://www.ratebeer.com/brewers/slo-brew/414/
Smog City Brewing,https://www.ratebeer.com/brewers/smog-city-brewing/13523/
Societe Brewing Company,https://www.ratebeer.com/brewers/societe-brewing-company/14521/
Southern Pacific Brewing,https://www.ratebeer.com/brewers/southern-pacific-brewing/14059/
SouthNorte Beer Company,https://www.ratebeer.com/brewers/southnorte-beer-company/33418/
Speakeasy Ales and Lagers (Full Circle Brewing),https://www.ratebeer.com/brewers/speakeasy-ales-and-lagers-full-circle-brewing/35/
Standard Deviant Brewing,https://www.ratebeer.com/brewers/standard-deviant-brewing/28194/
Stave & Nail Brewing Company,https://www.ratebeer.com/brewers/stave-nail-brewing-company/41604/
Stone Brewing - Liberty Station (Sapporo),https://www.ratebeer.com/brewers/stone-brewing-liberty-station-sapporo/17232/
Strand Brewing Company,https://www.ratebeer.com/brewers/strand-brewing-company/11138/
Strike Brewing Company,https://www.ratebeer.com/brewers/strike-brewing-company/13668/
Stumblefoot Brewing Company,https://www.ratebeer.com/brewers/stumblefoot-brewing-company/14256/
Sufferfest Beer Company (Sierra Nevada),https://www.ratebeer.com/brewers/sufferfest-beer-company-sierra-nevada/26423/
Summer Fox,https://www.ratebeer.com/brewers/summer-fox/49417/
Sunset Reservoir Brewing Company,https://www.ratebeer.com/brewers/sunset-reservoir-brewing-company/22518/
TapRoom Beer Co,https://www.ratebeer.com/brewers/taproom-beer-co/48972/
Temescal Brewing,https://www.ratebeer.com/brewers/temescal-brewing/27044/
The Barn Brewery,https://www.ratebeer.com/brewers/the-barn-brewery/23725/
The Bell Marker Brewery & Kitchen,https://www.ratebeer.com/brewers/the-bell-marker-brewery-kitchen/36299/
The Dudes,https://www.ratebeer.com/brewers/the-dudes/16432/
The Gentleman Scholar,https://www.ratebeer.com/brewers/the-gentleman-scholar/11052/
The Hop Concept,https://www.ratebeer.com/brewers/the-hop-concept/24204/
The Original 40 Brewing Company,https://www.ratebeer.com/brewers/the-original-40-brewing-company/42187/
The Rare Barrel,https://www.ratebeer.com/brewers/the-rare-barrel/17912/
There Does Not Exist,https://www.ratebeer.com/brewers/there-does-not-exist/44119/
Third Street Aleworks,https://www.ratebeer.com/brewers/third-street-aleworks/246/
Thirsty Bear Brewing Company,https://www.ratebeer.com/brewers/thirsty-bear-brewing-company/479/
Thorn Brewing / Thorn Street Brewery,https://www.ratebeer.com/brewers/thorn-brewing-thorn-street-brewery/15487/
Tilt Brewing Company,https://www.ratebeer.com/brewers/tilt-brewing-company/30927/
Tiny Bubbles Brewing Company,https://www.ratebeer.com/brewers/tiny-bubbles-brewing-company/43129/
Tioga-Sequoia Brewing Company,https://www.ratebeer.com/brewers/tioga-sequoia-brewing-company/11558/
Touchstone Brewing,https://www.ratebeer.com/brewers/touchstone-brewing/50267/
Tower Brewing Company,https://www.ratebeer.com/brewers/tower-brewing-company/20758/
Towne Park Brew,https://www.ratebeer.com/brewers/towne-park-brew/34357/
Track 7 Brewing Company,https://www.ratebeer.com/brewers/track-7-brewing-company/13885/
Triple Rock Brewery & Alehouse,https://www.ratebeer.com/brewers/triple-rock-brewery-alehouse/480/
Triple Voodoo Brewing,https://www.ratebeer.com/brewers/triple-voodoo-brewing/12695/
Trumer Brauerei (US),https://www.ratebeer.com/brewers/trumer-brauerei-us/9160/
Two Pitchers Brewing Company,https://www.ratebeer.com/brewers/two-pitchers-brewing-company/23424/
Two Roots Brewing Company,https://www.ratebeer.com/brewers/two-roots-brewing-company/41566/
Umunhum Brewing Co-Op,https://www.ratebeer.com/brewers/umunhum-brewing-co-op/29139/
United Brands Company,https://www.ratebeer.com/brewers/united-brands-company/11172/
Unreal Brewing,https://www.ratebeer.com/brewers/unreal-brewing/47153/
Urban Roots Brewing & Smokehouse,https://www.ratebeer.com/brewers/urban-roots-brewing-smokehouse/35591/
Venice Duck Brewery,https://www.ratebeer.com/brewers/venice-duck-brewery/20777/
Wavelength Brewing Company,https://www.ratebeer.com/brewers/wavelength-brewing-company/21736/
Weed Cellars,https://www.ratebeer.com/brewers/weed-cellars/47549/
WestBrew,https://www.ratebeer.com/brewers/westbrew/48566/
Western Standard Brewing Company,https://www.ratebeer.com/brewers/western-standard-brewing-company/37615/
White Labs,https://www.ratebeer.com/brewers/white-labs/14634/
Wild Barrel Brewing Company,https://www.ratebeer.com/brewers/wild-barrel-brewing-company/33228/
Wiretap Brewing,https://www.ratebeer.com/brewers/wiretap-brewing/33278/
Woodfour Brewing Company,https://www.ratebeer.com/brewers/woodfour-brewing-company/17314/
Woodhouse Blending and Brewing,https://www.ratebeer.com/brewers/woodhouse-blending-and-brewing/41373/
Woods Beer & Wine,https://www.ratebeer.com/brewers/woods-beer-wine/21370/
Yorkshire Square Brewery,https://www.ratebeer.com/brewers/yorkshire-square-brewery/31610/
Bronto Mead,https://www.ratebeer.com/brewers/bronto-mead/30861/
Enat Tej Winery,https://www.ratebeer.com/brewers/enat-tej-winery/10607/
Honey Pot Meadery,https://www.ratebeer.com/brewers/honey-pot-meadery/29283/
Lost Cause Meadery,https://www.ratebeer.com/brewers/lost-cause-meadery/33440/
Meadiocrity Mead,https://www.ratebeer.com/brewers/meadiocrity-mead/30954/
The Honey Wine Company,https://www.ratebeer.com/brewers/the-honey-wine-company/24743/
Twisted Horn Mead & Cider,https://www.ratebeer.com/brewers/twisted-horn-mead-cider/30320/
Bivouac Ciderworks,https://www.ratebeer.com/brewers/bivouac-ciderworks/34396/
Bonny Doon Vineyard,https://www.ratebeer.com/brewers/bonny-doon-vineyard/16663/
Brooks Cider,https://www.ratebeer.com/brewers/brooks-cider/23655/
California Cider Company,https://www.ratebeer.com/brewers/california-cider-company/523/
Castellum Ciders,https://www.ratebeer.com/brewers/castellum-ciders/50901/
Crooked City Cider,https://www.ratebeer.com/brewers/crooked-city-cider/32202/
Devoto Orchards,https://www.ratebeer.com/brewers/devoto-orchards/18771/
Domaine Le Mieux / See Canyon Cider,https://www.ratebeer.com/brewers/domaine-le-mieux-see-canyon-cider/22270/
Ethic Ciders,https://www.ratebeer.com/brewers/ethic-ciders/46037/
FoxCraft Hard Cider Company,https://www.ratebeer.com/brewers/foxcraft-hard-cider-company/22480/
Golden State Cider,https://www.ratebeer.com/brewers/golden-state-cider/21950/
Guthrie CiderWorks,https://www.ratebeer.com/brewers/guthrie-ciderworks/36971/
Horse & Plow,https://www.ratebeer.com/brewers/horse-plow/36062/
Horse and Plow,https://www.ratebeer.com/brewers/horse-and-plow/47469/
Moonland Wines,https://www.ratebeer.com/brewers/moonland-wines/48150/
Motorcycle Wines / Troy Cider,https://www.ratebeer.com/brewers/motorcycle-wines-troy-cider/20420/
Newtopia Cyder,https://www.ratebeer.com/brewers/newtopia-cyder/31169/
Raging Cider & Mead,https://www.ratebeer.com/brewers/raging-cider-mead/36975/
Serpentine Cider,https://www.ratebeer.com/brewers/serpentine-cider/33152/
Sincere Cider,https://www.ratebeer.com/brewers/sincere-cider/44101/
SLO Cider Co.,https://www.ratebeer.com/brewers/slo-cider-co/47564/
Sonoma Cider (Full Circle Brewing),https://www.ratebeer.com/brewers/sonoma-cider-full-circle-brewing/3800/
Specific Gravity Cider Company,https://www.ratebeer.com/brewers/specific-gravity-cider-company/20419/
Sutton Cellars,https://www.ratebeer.com/brewers/sutton-cellars/16944/
Tag + Jug Cider Company,https://www.ratebeer.com/brewers/tag-jug-cider-company/25606/
Thomas Brothers Hard Cider Company,https://www.ratebeer.com/brewers/thomas-brothers-hard-cider-company/42204/
Twin Hills Hard Cider,https://www.ratebeer.com/brewers/twin-hills-hard-cider/45567/
Two Broads Cider,https://www.ratebeer.com/brewers/two-broads-cider/44044/
Two Rivers Cider Company,https://www.ratebeer.com/brewers/two-rivers-cider-company/3858/
Setting Sun Sake,https://www.ratebeer.com/brewers/setting-sun-sake/28426/
Takara Sake USA,https://www.ratebeer.com/brewers/takara-sake-usa/4157/
