Text,Text1
,
411 Broadway Spirits and Ales,"745 Fulton St, Fresno, California, 93721, United States"
Abnormal Beer Company,"16990 Via Tazon, Ste 123, San Diego, California, 92127, United States"
Absolution Brewing Company,"2878 Columbia St, Torrance, California, 90503, United States"
Acoustic Ales Brewing Experiment,"1795 Hancock St, San Diego, California, 92110, United States"
Alaro Craft Brewery,"2004 Capitol Ave, Sacramento, California, 95811, United States"
Ale House Brewing Company,"4020 Colmery Ct, San Jose, California, 95118, United States"
Ale Industries,"3096 E 10th St, Oakland, California, 95601, United States"
AleSmith Brewing Company,"9990 AleSmith Ct, San Diego, California, 92126, United States"
Align Brewing,"8680 Miralani Dr, San Diego, California, 92126, United States"
All Season Brewing,"800 South La Brea Ave, Los Angeles, California, 90036, United States"
All-American Brew Works,"5120 E La Palma Ave, Unit 103, Anaheim, California, 92807, United States"
Alpine Village Hofbrau,"833 W Torrance Blvd, Torrance, California, 90502, United States"
Amalgamation Brewing Company,"6585 North Santa Fe Avenue, Fresno, California, 93722, United States"
Amplified Ale Works,"4150 MIssion Blvd, Ste 208, San Diego, California, 92109, United States"
Anchor Brewing Company (Sapporo),"1705 Mariposa Street, San Francisco, California, 94107, United States"
Angel City Brewing Company (A&S Brewing - Boston Beer Co.),"216 S Alameda St, Los Angeles, California, 90013, United States"
Antigua Brewing Company (USA),"1009 Monterey St., San Luis Obispo, California, 93401, United States"
Arts District Brewing,"828 Traction Ave, Los Angeles, California, 90013, United States"
Ass Kisser Ales,"6040 Camp Bowie Blvd #64, San Jose, California, United States"
"Asylum Brewing (Anaheim, CA)","2970 E. La Palma Ave, Suite D, Anaheim, California, 92608, United States"
At Ease Brewing Company,"1825 I Street, Sacramento, California, 95811, United States"
Ataraxia Aleworks,"7292 Opportunity Rd Ste C, San Diego, California, 92111, United States"
Attitude Brewing Company,"1985 National Ave, Ste. 1115, San Diego, California, 92113, United States"
Automatic Brewing Company (Blind Lady Ale House),"3416 Adams Ave, San Diego, California, 92116, United States"
Aztec Brewing Company,"2330 La Mirada Dr, Ste 300, Vista, California, 92081, United States"
Back Street Brewery (Vista),"15 Main St, Ste 100, Vista, California, 92084, United States"
Backstreet Brewery,"1884 S Santa Cruz St, Anaheim, California, 92805, United States"
Ballast Point Brewing Company (Kings & Convicts),"5401 Linda Vista Rd Ste 406, San Diego, California, 92110, United States"
Bang The Drum Brewery,"950 Orcutt Rd, San Luis Obispo, California, 93401, United States"
Barebottle Brewing Company,"1525 Cortland Ave, San Francisco, California, 94110, United States"
Barrel and Stave Brewing Company,"2129 Industrial Ct, Vista, Vista, California, 92081, United States"
Barrel Head Brewhouse,"1785 Fulton St, San Francisco, California, 94117, United States"
Bartlett Hall,"242 O’Farrell St, San Francisco, California, 94102, United States"
BattleMage Brewing Company,"2870 Scott Street #102, Vista, California, 92081, United States"
Bay City Brewing,"3760 Hancock St, Ste A, San Diego, California, 92110, United States"
Beach Chalet Brewery,"1000 Great Hwy, San Francisco, California, 94121, United States"
Bear Roots Brewing Company,"1213 S Santa Fe Ave, Vista, California, 92083, United States"
Belching Beaver,"980 Park Center Dr, Ste A, Vista, California, 92081, United States"
Big Sexy Brewing Company,"5861 88th St #800, Sacramento, California, 95828, United States"
Big Stump Brewing Company,"1716 L St, Sacramento, California, 95811, United States"
Bison Brewing Company,"2598 Telegraph Avenue, Berkeley, California, 94708, United States"
Bitter Brothers Brewing Company,"4170 Morena Blvd, San Diego, California, 92117, United States"
Black Hammer Brewing,"544 Bryant St, San Francisco, California, 94107, United States"
Blessed Brewing,"660 Clarion Court, San Luis Obispo, California, 93401, United States"
Bonaventure Brewing Company,"404 S Figueroa St, #418a, Los Angeles, California, 90071, United States"
Boomtown Brewery,"700 Jackson St, Los Angeles, California, 90012, United States"
Booze Brothers Brewing,"2545 Progress St, Ste D, Vista, California, 92081, United States"
Border X Brewing,"8684 Avenida de la Fuente, Ste 8, San Diego, California, 92154, United States"
Bottle Logic Brewing,"1072 N Armando St, Anaheim, California, 92806, United States"
Brewery X,"3191 E La Palma Ave, Anaheim, California, 92806, United States"
Brewheim,"1931 E Wright Cir, Anaheim, California, 92806, United States"
Broken Timbers Brewing Company,"2910 E La Palma Ave Suite D, Anaheim, California, 92806, United States"
Bruery Terreux,"1174 N Grove St, Anaheim, California, 92806, United States"
Buck Wild,"401 Jackson St, Oakland, California, 94607, United States"
Buena Vista Brewing,"256 Potrero St, Santa Cruz, California, 95060, United States"
Buzzrock Brewing Company,"21770 Del Amo Cir E, Torrance, California, 90501, United States"
California Wild Ales,"4202 Sorrento Valley Blvd, San Diego, California, 92121, United States"
Camino Brewing Company,"718 S. 1st Street, San Jose, California, 95113, United States"
Cellarmaker Brewing Company,"1150 Howard St, San Francisco, California, 94103, United States"
Central Coast Brewing,"1422 Monterey St, San Luis Obispo, California, 93420, United States"
Cerveceria Calidad,"Los Angeles, California, 90064, United States"
Cerveceria Mundial,"30 S Los Angeles St #205, Los Angeles, California, 90014, United States"
Cerveza XTECA,"1827 Logan Ave, Ste 3, San Diego, California, 92113, United States"
Clandestine Brewing,"980 S. First St. Ste. B, San Jose, California, 95110, United States"
Cooperage Brewing Company,"981 Airway Ct, Santa Rosa, California, 95403, United States"
Cosmic Ales,"20316 Gramercy Pl, Torrance, California, 90501, United States"
Crooked Goat Brewing,"120 Morris St #120, Sebastopol, California, 95472, United States"
Cultivar Beer,"2379 Chestnut St, San Francisco, California, 94123, United States"
DarkHeart Brewing,"4339 Auburn Blvd B, Sacramento, California, 95841, United States"
Deft Brewing,"5328 Banks St, San Diego, California, 92110, United States"
Device Brewing Company,"8166 14th Ave, Sacramento, California, 95826, United States"
Division 23 Brewing,"7408 Trade St, San Diego, California, 92121, United States"
Dogleg Brewing Company,"1347 Keystone Way, Suite A, Vista, California, 92081, United States"
Dokkaebier,"1735 Polk St., San Francisco, California, 94109, United States"
Dos Desperados Brewery,"1241 Linda Vista Dr, San Marcos, California, 92078, United States"
DTSJ,"345 23rd St, San Jose, California, 95116, United States"
Duck Foot Brewing Company,"8920 Kenamar Dr, Ste #210, San Diego, California, 92121, United States"
Dueling Ducks Brewing Company,"3150 E La Palma Ave, Suite G, Anaheim, California, 92806, United States"
E-40,"San Jose, California, 95112, United States"
Eagle Rock Brewery,"3056 Roswell St, Los Angeles, California, 90065, United States"
Ebullition Brew Works,"2449 Cades Way Suite D, Vista, California, 92081, United States"
Embolden Beer Company,"8655 Production Ave ste A, San Diego, California, 92121, United States"
Eppig Brewing,"3052 El Cajon Blvd, Ste C, San Diego, California, 92104, United States"
Fall Brewing Company,"4542 30th St, San Diego, California, 92116, United States"
Federation Brewing,"420 3rd St, Oakland, California, 94607, United States"
Ferrous Falcon,"San Marcos, California, United States"
Fieldwork Brewing Company,"1160 Sixth St, Berkeley, California, 94710, United States"
Five Suits Brewing,"2575 Pioneer Ave, Ste 104, Vista, California, 92081, United States"
Floodcraft Brewing Company,"777 The Alameda, San Jose, California, 95126, United States"
Fogbelt Brewing Company,"1305 Cleveland Ave, Santa Rosa, California, 95401, United States"
Fort Point Beer Company,"644 Mason St, San Francisco, California, 94129, United States"
Fountainhead Brewing,"4621 24th Street, Sacramento, California, 95822, United States"
Fox Tale Fermentation Project,"30 E Santa Clara St Suite 120, San Jose, California, 95113, United States"
Frogtown Brewery,"2931 Gilroy St, Los Angeles, California, 90039, United States"
Full Circle Brewing Company,"712 FULTON ST, Fresno, California, 93721, United States"
GearTooth Alewerks,"1635 S 7th Street, San Jose, California, 95112, United States"
George Lopez Brewing Co.,"21770 Del Amo Cir E, Torrance, California, 90503, United States"
Ghost Town Brewing,"2640 Union St, Oakland, California, 94607, United States"
Gilman Brewing Company,"912 Gilman St, Berkeley, California, 94710, United States"
Gojo Brewing Co.,"Oakland, California, United States"
Golden Gate Brewing Company,"346 Santa Clara Avenue, Oakland, California, 94610, United States"
Golden Road Brewing (AB InBev),"5410 W San Fernando Rd, Los Angeles, California, 90039, United States"
Gordon Biersch Brewing Company (Craftworks),"357 E Taylor St, San Jose, California, 95112, United States"
Gravity Heights,"9920 Pacific Heights Blvd, San Diego, California, 92121, United States"
Greater Purpose,"21517 E Cliff Dr, Santa Cruz, California, 95062, United States"
Green Flash Brewing Company,"6550 Mira Mesa Blvd, San Diego, California, 92121, United States"
Groundswell Brewing Company,"6304 Riverdale St, San Diego, California, 92120, United States"
H2OPS Sparkling Hop Water,"155 N. Riverview Drive. STE 100, Anaheim, California, 92808, United States"
Half Door Brewing,"903 Island Ave, San Diego, California, 92101, United States"
Hapa's Brewing Company,"460 Lincoln Ave, Ste. 90, San Jose, California, 95126, United States"
Hard Frescos Brewing Company,"3645 Lawton Street, San Francisco, California, 94122, United States"
Harland Brewing Company,"10115 Carroll Canyon Rd, San Diego, California, 92131, United States"
Harmonic Brewing,"1050 26th St, San Francisco, California, 94107, United States"
Helia Brewing Company,"1250 Keystone Way, Vista, California, 92081, United States"
Hella Coastal,"420 3rd St, Oakland, California, 94607, United States"
HenHouse Brewing Company,"322 Bellevue Ave, Santa Rosa, California, 95407, United States"
Hermitage Brewing Company,"1627 S 7th St, San Jose, California, 95112, United States"
Highland Park Brewery,"5127 York Blvd, Los Angeles, California, 90042, United States"
Hillcrest Brewing Company,"1458 University Avenue, San Diego, California, 92103, United States"
Hodad's Brewing,"9726 Aero Dr, Ste. B, San Diego, California, 92123, United States"
Hoi Polloi Brewing,"1763 Alcatraz Ave, Berkeley, California, 94703, United States"
Holy Craft Brewing Company,"787 Broadway St, San Francisco, California, 94133, United States"
Home Brewing Company,"2911 El Cajon Blvd, San Diego, California, 92104, United States"
Homebound Brew Haus,"800 N Alameda St, Los Angeles, California, 90012, United States"
Hop Oast Pub & Brewery,"2887 Bryant St, San Francisco, California, 94110, United States"
HopMonk,"230 Petaluma Ave, Sebastopol, California, 95472, United States"
Hopnonymous Brewing Company,"7705 Convoy Court, San Diego, California, 92111, United States"
Hoppy Brewing Company,"1022 2nd St, Sacramento, California, 95814, United States"
HopSaint Brewing Company,"5160 W 190th St, Torrance, California, 90503, United States"
Humble Sea Brewing Company,"820 Swift St, Santa Cruz, California, 95060, United States"
Hunters Point,"1195 Evans Ave, San Francisco, California, 94124, United States"
Imperial Western Beer Company,"800 North Alameda St, Los Angeles, California, 90012, United States"
Incinerati Brewing Company,"411 Broadway Street, Fresno, California, 93721, United States"
Indie Brewing Company,"2301 E 7th St, C-100, Los Angeles, California, 90023, United States"
Iron Ox Brewing Company,"3334 Industrial Dr, Santa Rosa, California, 95403, United States"
Itza Brewing,"4652 Del Mar Ave, San Diego, California, 92107, United States"
Jiant,"Washington Blvd, Los Angeles, California, 5299, United States"
JT Schmids Brewhouse & Eatery,"2610 East Katella Avenue, Anaheim, California, 92806, United States"
Jupiter,"2181 Shattuck Ave., Berkeley, California, 94704, United States"
K-Oz Restaurant & Brewery,"121 7th St, San Francisco, California, 94103, United States"
Kairoa Brewing Company,"4601 Park Blvd, San Diego, California, 92116, United States"
Karl Strauss Brewing Company,"5985 Santa Fe St, San Diego, California, 92109, United States"
Kensington Brewing Company (USA),"5839 Mission Gorge Rd, Ste D, San Diego, California, 92120, United States"
Ketch Brewing,"7889 Ostrow St, San Diego, California, 92111, United States"
Kilowatt Brewing,"7576 Clairemont Mesa Blvd, San Diego, California, 92111, United States"
King Cong Brewing Company,"1709 Del Paso Blvd, Sacramento, California, 95815, United States"
Kings & Convicts Miramar,"9550 Distribution Ave, San Diego, California, 92121, United States"
Knotty Brewing,"842 Market St, San Diego, California, 921011, United States"
La Cantina Brewing Company,"256 Potrero St, Santa Cruz, California, 95060, United States"
Latchkey Brewing,"2120 W Washington St, San Diego, California, 92110, United States"
Latitude 33 Brewing Company,"1430 Vantage Ct, Ste 104, Vista, California, 92081, United States"
Laughing Monk Brewing,"1439 Egbert Ave, Unit A, San Francisco, California, 94124, United States"
Lazy Duck Brewing Company,"1723 Rogers Ave Suite E, San Jose, California, 95112, United States"
Line 51 Brewing,"Oakland, California, 94607, United States"
Little Miss Brewing,"7949 Stromesa Ct, Ste Y, San Diego, California, 92126, United States"
Local Brewing Company,"69 Bluxome St, San Francisco, California, 94107, United States"
Lost Marbles,"823 Clement St, San Francisco, California, 94118, United States"
Lucky Devil Brewing Company,"2530 E 11th St, Oakland, California, 94601-1425, United States"
Mad Duck Craft Brewing,"3085 E Campus Pointe Drive, Fresno, California, 93727, United States"
Magnolia Brewing,"1398 Haight St, San Francisco, California, 94117, United States"
Mason Ale Works,"255 Redel Rd, Ste 4347, San Marcos, California, 92078, United States"
MateVeza Brewing Company,"26A Glover Street, San Francisco, California, 94109, United States"
Mike Hess Brewing Company,"7955 Silverton Ave, Ste 1201, San Diego, California, 92126, United States"
Mikkeller San Diego,"9366 Cabot Dr, San Diego, California, 92126, United States"
Mission Brewery,"1441 L St, San Diego, California, 92101, United States"
Modern Times Beer,"3725 Greenwood St, San Diego, California, 92110, United States"
Monkish Brewing Company,"20311 S Western Ave, Torrance, California, 90501, United States"
Moonlight Brewing Company,"3350 Coffey Ln, Santa Rosa, California, 95403, United States"
Mother Earth Brew Company,"2055 Thibodo Rd, Ste H, Vista, California, 92081, United States"
Mujeres Brew House,"1983 Julian Avenue, San Diego, California, 92113, United States"
My Yard Live,"288 Rancheros Dr, San Marcos, California, 92069, United States"
Nakhon Brewing Company,"246 N. Ave Twenty Five, Los Angeles, California, 90031, United States"
Narrative Fermentations,"101 E Alma Ave, San Jose, California, 95112, United States"
Native Son,"832 S Olive St, Los Angeles, California, 90014, United States"
New Bohemia Brewing Company,"1030 41st. Avenue, Santa Cruz, California, 95062, United States"
New English Brewing,"11545 Sorrento Valley Rd, Ste 305, San Diego, California, 92121, United States"
New Glory Craft Brewery,"8251 Alpine Ave, Sacramento, California, 95826, United States"
New Helvetia Brewing Company,"1730 Broadway, Sacramento, California, 95818, United States"
Noble Ale Works,"1621 S Sinclair St, Anaheim, California, 92806, United States"
Noble Brewer,"4721 Tidewater Ave, Ste C, Oakland, California, 94601, United States"
North Park Beer Company,"3038 Universtity Ave, San Diego, California, 92104, United States"
Novel Brewing,"6510 San Pablo Ave, Oakland, California, 94608, United States"
Oak and Otter Brewing Co.,"181 Tank Farm Road Suite 110, San Luis Obispo, California, 93401, United States"
Oak Park Brewing Company,"3514 Broadway, Sacramento, California, 95818, United States"
Oakland Brewing Company,"1010 22nd Ave, Oakland, California, 94606, United States"
Oakland United Beerworks,"3775 Alameda Ave, Unit G, Oakland, California, 94601, United States"
OB Brewery,"5041 Newport Ave, San Diego, California, 92107, United States"
Oda Brewery,"1500 Owens St, San Francisco, California, 94158, United States"
Ohana Brewing Company,"1756 E 23rd St, Los Angeles, California, 90058, United States"
Old Kan Beer and Company,"95 Linden Street, Ste 11, Oakland, California, 94607, United States"
Old Possum Brewing Company,"8138, 357 Sutton Pl, Santa Rosa, California, 95405, United States"
Olde Ritual Brewing Company,"1409 R Street, Sacramento, California, 95811, United States"
Olfactory Brewery & Blendery,"2245 3rd St, San Francisco, California, 94107, United States"
Onibi Beer Company,"Sacramento, California, United States"
Original Pattern Brewing Company,"292 4th St, Oakland, California, 94607, United States"
Otherwise Brewing,"1195 Evans Ave, San Francisco, California, United States"
Owl Farm Unique Fermentations,"2545 Progress St, Vista, California, 92081, United States"
Pacific Beach Ale House,"721 Grand Ave, San Diego, California, 92109, United States"
Pacific Drift Brewing Company,"1441 L St, San Diego, California, 92101, United States"
Palmia Corp.,"San Francisco, California, United States"
Pariah Brewing Company,"3052 El Cajon Blvd, Ste B, San Diego, California, 92104, United States"
Party Beer Company,"4203 W JEFFERSON BLVD, Los Angeles, California, 90016, United States"
People's Republic of South Central,"1000 E 60th Street, Los Angeles, California, 90001, United States"
Pete's Restaurant & Brewhouse,"2001 J St, Sacramento, California, 95814, United States"
Phantom Ales,"1211 N Las Brisas St, Anaheim, California, 92806, United States"
Pine & Palm Brewing,"352 W Bedford Ave. STE 111, Fresno, California, 93711, United States"
Pine Street Brewery,"761 Pine St, San Francisco, California, 94018, United States"
Piston Pete's Brewery & Distillery,"1084 La Mirada Ct, Vista, California, 92081, United States"
Pizza Port (Ocean Beach),"1956 Bacon St., San Diego, California, 92107, United States"
Poor House Brewing Company,"4494 30th St, San Diego, California, 92116, United States"
Porchlight Brewing Company,"866 57th St, Sacramento, California, 95819, United States"
Port Brewing Company / The Lost Abbey,"155 Mata Way, Ste 104, San Marcos, California, 92069, United States"
Private Press Brewing,"332 Ingalls St., Santa Cruz, California, 95060, United States"
Procreations Brewing Company,"1929 Santa Clara Street, Fresno, California, 93721, United States"
Prohibition Brewing Co. (USA),"2004 E. Vista Way, Vista, California, 92084, United States"
Protector Brewery,"8680 Miralani Dr #128, San Diego, California, 92126, United States"
Puesto Cerveceria,"5010 Mission Center Rd, San Diego, California, 92108, United States"
Pure Project,"9030 Kenamar Dr, Ste. 308, San Diego, California, 92121, United States"
Quantum Brewing (CA),"5375 Kearny Villa Rd, #116, San Diego, California, 92123, United States"
Rad Beer Company,"1301 South Lewis St, Anaheim, California, 92805, United States"
Radiant Beer Company,"1566 W Lincoln Ave, Anaheim, California, 92801, United States"
RationAle Brewing,"San Diego, California, United States"
Red Car Brewery & Restaurant,"1266 Sartori Ave, Torrance, California, 90501, United States"
Resident Brewing,"411 C St, San Diego, California, 92101, United States"
Rip Current Brewing,"1325 Grand Ave #100, San Marcos, California, 92078, United States"
Roses' Brewing Company,"4930 Telegraph Ave, Oakland, California, 94609, United States"
Rough Draft Brewing Company,"8830 Rehco Rd, Ste D, San Diego, California, 92121, United States"
Ruhstaller Brewery,"726 K St, Sacramento, California, 95814, United States"
Russian River Brewing Company,"725 4th St., Santa Rosa, California, 95404, United States"
S27 Alehouse and Brewery,"461 Perrymont Ave, San Jose, California, 95125, United States"
Sacrament Brewing Company,"1616 J St, Sacramento, California, 95814, United States"
Saint Archer Brewing Company (Tenth & Blake - Molson Coors),"9550 Distrubution Ave, San Diego, California, 92121, United States"
San Diego Brewing Company,"10450 Friars Rd, San Diego, California, 92120, United States"
San Francisco Brewing Company,"1405 Franklin St, Ste 102, San Francisco, California, 94109, United States"
Santa Cruz Mountain Brewing,"402 Ingalls St, Santa Cruz, California, 95060, United States"
Santa Maria Brewing Company San Luis Obispo,"675 Clarion Ct, San Luis Obispo, California, 93401, United States"
Savagewood Brewing,"9879 Hibert St, Ste F, San Diego, California, 92131, United States"
Scholb Premium Ales,"2964 Columbia Street, Torrance, California, 90503, United States"
Seabright Brewery,"519 Seabright Ave, Santa Cruz, California, 95062, United States"
Second Chance Beer Company,"15378 Avenue of Sciences, #222, San Diego, California, 92128, United States"
Seek Beer Co.,"3052 El Cajon Blvd. Ste C, San Diego, California, 92104, United States"
Seismic Brewing Company,"2870 Duke Ct, Santa Rosa, California, 95407, United States"
Sequoia Brewing Company,"777 E Olive Ave, Fresno, California, 93728, United States"
Seven Stills Brewery & Distillery,"1439 Egbert Ave, Unit C, San Francisco, California, 94124, United States"
Shady Oak Barrel House,"420 1st Street, Santa Rosa, California, 95401, United States"
Shanty Shack Brewing,"138 Fern Street, Santa Cruz, California, 95060, United States"
SLO Brew,"736 Higuera St, San Luis Obispo, California, 93401, United States"
Smog City Brewing,"1901 Del Amo Blvd, Ste B, Torrance, California, 90501, United States"
Societe Brewing Company,"8262 Clairemont Mesa Blvd, San Diego, California, 92111, United States"
Southern Pacific Brewing,"620 Treat Ave, San Francisco, California, 94110, United States"
SouthNorte Beer Company,"1205 Knoxville St, San Diego, California, 92110, United States"
Speakeasy Ales and Lagers (Full Circle Brewing),"1195 Evans Ave, San Francisco, California, 94124-1704, United States"
Standard Deviant Brewing,"280 14th St, San Francisco, California, 94110, United States"
Stave & Nail Brewing Company,"1325 Grand Ave, Ste 107, San Marcos, California, 92078, United States"
Stone Brewing - Liberty Station (Sapporo),"2816 Historic Decatur Rd, #116‎, San Diego, California, 92106, United States"
Strand Brewing Company,"2201 Dominguez St, Torrance, California, 90501, United States"
Strike Brewing Company,"2099 S 10th St, Ste 30, San Jose, California, 95112, United States"
Stumblefoot Brewing Company,"1784 La Costa Meadows Dr #103, San Marcos, California, 92078, United States"
Sufferfest Beer Company (Sierra Nevada),"2147 Greenwich Street, San Francisco, California, 94123, United States"
Summer Fox,"6585 N Santa Fe Ave, Fresno, California, 93722, United States"
Sunset Reservoir Brewing Company,"1735 Noriega St, San Francisco, California, 94122, United States"
TapRoom Beer Co,"2000 El Cajon Blvd, San Diego, California, 92104, United States"
Temescal Brewing,"4115 Telegraph Ave, Oakland, California, 94609, United States"
The Barn Brewery,"2850 El Cajon Blvd, Ste 3, San Diego, California, 92104, United States"
The Bell Marker Brewery & Kitchen,"602 Broadway, San Diego, California, 92101, United States"
The Gentleman Scholar,"2285 Westwood Boulevard, Los Angeles, California, 90064, United States"
The Hop Concept,"155 Mata Way #104, San Marcos, California, 92069, United States"
The Original 40 Brewing Company,"3117 University Ave, San Diego, California, 92104, United States"
The Rare Barrel,"940 Parker St, Berkeley, California, 94710, United States"
There Does Not Exist,"4070 Earthwood Ln. Suite 110, San Luis Obispo, California, 93401, United States"
Third Street Aleworks,"610 3rd St, Santa Rosa, California, 95404, United States"
Thirsty Bear Brewing Company,"661 Howard St, San Francisco, California, 94105, United States"
Thorn Brewing / Thorn Street Brewery,"3174 Thorn St, San Diego, California, 92104, United States"
Tilt Brewing Company,"Highlights info row image 357 E Taylor Street, San Jose, California, 95112, United States"
Tiny Bubbles Brewing Company,"155 Mata Way #104, San Marcos, California, 92069, United States"
Tioga-Sequoia Brewing Company,"746 Broadway St, Fresno, California, 93721, United States"
Touchstone Brewing,"116 N 16th Street, Sacramento, California, 95811, United States"
Tower Brewing Company,"1210 66th St, Unit B, Sacramento, California, 95819, United States"
Towne Park Brew,"1566 W Lincoln Ave, Anaheim, California, 92801, United States"
Track 7 Brewing Company,"3747 W Pacific Ave, Ste F, Sacramento, California, 95820, United States"
Triple Rock Brewery & Alehouse,"1920 Shattuck Ave, Berkeley, California, 94704, United States"
Triple Voodoo Brewing,"3145 Geary Blvd, Suite 410, San Francisco, California, 94118-3316, United States"
Trumer Brauerei (US),"Berkeley, California, United States"
Two Pitchers Brewing Company,"San Francisco, California, United States"
Two Roots Brewing Company,"4896 Newport Ave, San Diego, California, 92107, United States"
Umunhum Brewing Co-Op,"San Jose, California, United States"
United Brands Company,"10940 Wilshire Boulevard, Suite 1600, Los Angeles, California, 90024, United States"
Unreal Brewing,"San Jose, California, United States"
Urban Roots Brewing & Smokehouse,"1322 V St, Sacramento, California, 95818, United States"
Venice Duck Brewery,"4238 Coolidge Ave, Los Angeles, California, 90055, United States"
Wavelength Brewing Company,"236 Main St, Vista, California, 92084, United States"
Weed Cellars,"927 N La Cienega Blvd, Los Angeles, California, 90069, United States"
WestBrew,"1061 La Mirada Ct., Vista, California, 92081, United States"
Western Standard Brewing Company,"San Diego, California, United States"
White Labs,"9495 Candida Street, San Diego, California, 92126, United States"
Wild Barrel Brewing Company,"692 Rancheros Dr, San Marcos, California, 92069, United States"
Wiretap Brewing,"341 S Ave 17, Ste B, Los Angeles, California, 90031, United States"
Woodfour Brewing Company,"6780 Depot St, #160, Sebastopol, California, 95472, United States"
Woodhouse Blending and Brewing,"119 Madrone St, Santa Cruz, California, 95060, United States"
Woods Beer & Wine,"1701 Telegraph Ave, Oakland, California, 94612, United States"
Yorkshire Square Brewery,"1109 Van Ness Ave, Torrance, California, 90501, United States"
Bronto Mead,"9235 Trade Pl, Ste D, San Diego, California, 92126, United States"
Enat Tej Winery,"910 81st Ave Ste 1, Oakland, California, 94621, United States"
Honey Pot Meadery,"5120 E. La Palma #104, Anaheim, California, 92807, United States"
Lost Cause Meadery,"8665 Miralani Dr, Ste 100, San Diego, California, 92126, United States"
Meadiocrity Mead,"1365 Grand Avenue, Suite 100, San Marcos, California, 92078, United States"
The Honey Wine Company,"901 Mission Street, Suite 105, San Francisco, California, 94103, United States"
Twisted Horn Mead & Cider,"1042 La Mirada Ct, Vista, California, 92081, United States"
Bivouac Ciderworks,"3986 30th St, San Diego, California, 92104, United States"
Bonny Doon Vineyard,"328 Ingalls Street, Santa Cruz, California, 95060, United States"
Brooks Cider,"San Francisco, California, United States"
California Cider Company,"2064 Gravenstein Hwy N, Building 4, Sebastopol, California, 95472, United States"
Castellum Ciders,"1745 National Avenue, San Diego, California, 92113, United States"
Crooked City Cider,"477 25th Street, Oakland, California, 94612, United States"
Devoto Orchards,"655 Gold Ridge Road, Sebastopol, California, 95472, United States"
Domaine Le Mieux / See Canyon Cider,"2885 See Canyon Road, San Luis Obispo, California, 93405, United States"
Ethic Ciders,"8490 Occidental Road, Sebastopol, California, 95472, United States"
FoxCraft Hard Cider Company,"409 Mendocino Ave, Santa Rosa, California, 95401, United States"
Golden State Cider,"Sebastopol, California, 95472, United States"
Guthrie CiderWorks,"6496 Marindustry Dr, Ste D, San Diego, California, 92121, United States"
Horse & Plow,"1272 Gravenstein Hwy N, Sebastopol, California, 95472, United States"
Horse and Plow,"1272 Gravenstein Hwy N, Sebastopol, California, 95472, United States"
Moonland Wines,"Berkeley, California, 94710, United States"
Motorcycle Wines / Troy Cider,"787 Brannan Street, San Francisco, California, 94103, United States"
Newtopia Cyder,"10045 Carroll Canyon Rd, Ste A, San Diego, California, 92131, United States"
Raging Cider & Mead,"177 Newport Dr, Ste B, San Marcos, California, 92069, United States"
Serpentine Cider,"8665 Miralani Dr, #100, San Diego, California, 92126, United States"
Sincere Cider,"Oakland, California, United States"
SLO Cider Co.,"3419 Roberto Ct Suite C, San Luis Obispo, California, 93401, United States"
Sonoma Cider (Full Circle Brewing),"712 FULTON ST, Fresno, California, 93721, United States"
Specific Gravity Cider Company,"708 Gravenstein Hwy North #174, Sebastopol, California, 95472, United States"
Sutton Cellars,"601 22nd Street, San Francisco, California, 94107, United States"
Tag + Jug Cider Company,"995 9th St, San Francisco, California, 94130, United States"
Thomas Brothers Hard Cider Company,"2323 Fourth St, Ste. B, Berkeley, California, 94710, United States"
Twin Hills Hard Cider,"1689 Pleasant Hill Rd, Sebastopol, California, 95472-4916, United States"
Two Broads Cider,"3427 Roberto Court Suite 130, San Luis Obispo, California, 93401, United States"
Two Rivers Cider Company,"4311 Attawa Ave, Sacramento, California, 95882, United States"
Setting Sun Sake,"8680 Miralani Dr, San Diego, California, 92126, United States"
Takara Sake USA,"708 Addison St, Berkeley, California, 94710, United States"
3 Disciples Brewing,"501 Mendocino Ave, Santa Rosa, California, 95401, United States"
The Dudes,"1840 W 208th St, Torrance, California, 90501, United States"
